Case_Type,Rank,Sample,FP_Reduction_None_minus_PRAP,Delta_Dice_PRAP_minus_None,Delta_Precision_PRAP_minus_None,Delta_Recall_PRAP_minus_None,FN_Increase_PRAP_minus_None,Baseline_Dice,Baseline_IoU,Baseline_Precision,Baseline_Recall,Baseline_HD95,Baseline_FP,Baseline_FN,Area_Dice,Area_IoU,Area_Precision,Area_Recall,Area_HD95,Area_FP,Area_FN,Entropy_Dice,Entropy_IoU,Entropy_Precision,Entropy_Recall,Entropy_HD95,Entropy_FP,Entropy_FN,Seeded_Dice,Seeded_IoU,Seeded_Precision,Seeded_Recall,Seeded_HD95,Seeded_FP,Seeded_FN,PRAP_Dice,PRAP_IoU,PRAP_Precision,PRAP_Recall,PRAP_HD95,PRAP_FP,PRAP_FN
success,1,cju1ewnoh5z030855vpex9uzt,16779,0.27185619037029496,0.30374347889499254,-0.00039594551789667864,5,0.5175663744070964,0.3491329159510222,0.34937487871815487,0.9980202724105163,169.86390931474617,23470,25,0.5222958972233734,0.35345093530022154,0.3536989223170184,0.9980202724105163,171.13094382801214,23029,25,0.5538684655782373,0.3830000607791892,0.38329126243119127,0.9980202724105163,135.3845162907923,20278,25,0.5222958972233734,0.35345093530022154,0.3536989223170184,0.9980202724105163,171.13094382801214,23029,25,0.7894225647773914,0.6521041461773384,0.6531183576131474,0.9976243268926196,63.968350571927886,6691,30
success,2,cju7ey10f2rvf0871bwbi9x82,3209,0.13527817759453498,0.1884834202924045,0.0,0,0.7107479196771139,0.5512870062611115,0.5598116169544741,0.973120480283804,91.20718022145992,5608,197,0.7107479196771139,0.5512870062611115,0.5598116169544741,0.973120480283804,91.20718022145992,5608,197,0.7107479196771139,0.5512870062611115,0.5598116169544741,0.973120480283804,91.20718022145992,5608,197,0.7107479196771139,0.5512870062611115,0.5598116169544741,0.973120480283804,91.20718022145992,5608,197,0.8460260972716489,0.733141447368421,0.7482950372468786,0.973120480283804,83.87042951230515,2399,197
success,3,cju6z7e4bwgdd0987ogkzq9kt,2884,0.0668904279274376,0.11612185780718287,-0.00016438356164383272,3,0.8835629825075736,0.7914131909492756,0.7972401022837492,0.9908493150684932,44.0,4599,167,0.8835629825075736,0.7914131909492756,0.7972401022837492,0.9908493150684932,44.0,4599,167,0.8835629825075736,0.7914131909492756,0.7972401022837492,0.9908493150684932,44.0,4599,167,0.8835629825075736,0.7914131909492756,0.7972401022837492,0.9908493150684932,44.0,4599,167,0.9504534104350112,0.9055847733533684,0.9133619600909321,0.9906849315068493,14.979910312097763,1715,170
success,4,cju77re6fz5bb0817vp9redjg,1527,0.03664204672846971,0.04585780658837002,0.0,0,0.7129961587708067,0.5539969158832015,0.5558494709522859,0.994019992859693,54.92221482743473,8899,67,0.7144827586206897,0.555793991416309,0.557658604977217,0.994019992859693,53.871136007095245,8834,67,0.7144827586206897,0.555793991416309,0.557658604977217,0.994019992859693,53.871136007095245,8834,67,0.7144827586206897,0.555793991416309,0.557658604977217,0.994019992859693,53.871136007095245,8834,67,0.7496382054992764,0.5995370370370371,0.6017072775406559,0.994019992859693,52.20153254455275,7372,67
success,5,cju6xlygpw7bs0818n691jsq4,1498,0.015575703006680763,0.031115710652275697,-0.0029809736119030816,115,0.9138060113648916,0.8412917222209667,0.8677653201557073,0.9650059619472238,36.05551275463989,5673,1350,0.9138060113648916,0.8412917222209667,0.8677653201557073,0.9650059619472238,36.05551275463989,5673,1350,0.9138060113648916,0.8412917222209667,0.8677653201557073,0.9650059619472238,36.05551275463989,5673,1350,0.9138060113648916,0.8412917222209667,0.8677653201557073,0.9650059619472238,36.05551275463989,5673,1350,0.9293817143715724,0.8680794330222441,0.898881030807983,0.9620249883353207,26.750597549037806,4175,1465
success,6,cju5ktjwofed70817eg58ef7u,1341,0.04095781289416334,0.07588345165517274,-0.0049886621315192725,66,0.8989127442884668,0.8163864758452597,0.8249968422382216,0.9873771730914588,46.626701388699914,2771,167,0.8989436740873276,0.8164375,0.8250489483989136,0.9873771730914588,46.58110888766939,2770,167,0.8989436740873276,0.8164375,0.8250489483989136,0.9873771730914588,46.58110888766939,2770,167,0.8989436740873276,0.8164375,0.8250489483989136,0.9873771730914588,46.58110888766939,2770,167,0.9398705571826301,0.88656207366985,0.9008802938933943,0.9823885109599395,26.91640786499874,1430,233
success,7,cju1gghyjwxt80835vx0wgxw0,1256,0.020614551769280398,0.03930398523282952,-0.0013455845603783656,35,0.9089350213433544,0.8330713927436884,0.8648245218176138,0.957787090077275,29.017236257093817,3894,1098,0.9090676883780332,0.833294310465933,0.8650647591930275,0.957787090077275,29.017236257093817,3886,1098,0.9090676883780332,0.833294310465933,0.8650647591930275,0.957787090077275,29.017236257093817,3886,1098,0.9090676883780332,0.833294310465933,0.8650647591930275,0.957787090077275,29.017236257093817,3886,1098,0.9295495731126348,0.8683723690181158,0.9041285070504433,0.9564415055168967,19.052343178074636,2638,1133
success,8,cju1ffnjn6ctm08015perkg37,1188,0.019602598281714956,0.035438501692600766,-0.0009662956091527342,25,0.9241127386025857,0.8589308301710938,0.8608794288383266,0.9973716759431045,29.044774409873213,4170,68,0.9241127386025857,0.8589308301710938,0.8608794288383266,0.9973716759431045,29.044774409873213,4170,68,0.9241127386025857,0.8589308301710938,0.8608794288383266,0.9973716759431045,29.044774409873213,4170,68,0.9241127386025857,0.8589308301710938,0.8608794288383266,0.9973716759431045,29.044774409873213,4170,68,0.9437153368843006,0.8934289873154502,0.8963179305309273,0.9964053803339518,18.552479340792534,2982,93
failure,1,cju8doa16u5gh0818w1ywda3q,41,-0.10733735233686947,-0.0018263772974439485,-0.1688378837096901,15021,0.9187522210778025,0.8497147822986764,0.9897606935215947,0.8572504411748176,57.0,789,12700,0.9186805773076645,0.8495922278176389,0.9897592316178857,0.8571267998246541,58.061995336747515,789,12711,0.9073800176511763,0.8304625874593342,0.9895258071367884,0.8378275090763991,59.434836928135894,789,14428,0.9186805773076645,0.8495922278176389,0.9897592316178857,0.8571267998246541,58.061995336747515,789,12711,0.811414868740933,0.6826729086551858,0.9879343162241507,0.6884125574651275,96.62403723635322,748,27721
failure,2,cju1dg44i4z3w0801nyz4p6zf,16,-0.1228375831230748,0.02269503546099294,-0.1539153915391539,171,0.7588105726872246,0.611357586512866,0.9773049645390071,0.6201620162016201,20.376274151652577,16,422,0.7588105726872246,0.611357586512866,0.9773049645390071,0.6201620162016201,20.376274151652577,16,422,0.7588105726872246,0.611357586512866,0.9773049645390071,0.6201620162016201,20.376274151652577,16,422,0.7588105726872246,0.611357586512866,0.9773049645390071,0.6201620162016201,20.376274151652577,16,422,0.6359729895641498,0.46624662466246625,1.0,0.46624662466246625,25.221799175664685,0,593
failure,3,cju3y21quj0ir0818kgjagr15,5,-0.09949322572750163,-0.0023052873681110864,-0.13847718238683626,4494,0.844593521052167,0.7309925436988143,0.9887979497354498,0.7370967244938834,35.4852021448136,271,8532,0.8443895117859981,0.7306869575846473,0.9887933173434786,0.7367885865713494,34.9857113690718,271,8542,0.7503246505232603,0.6004156606253247,0.9866405504495003,0.605336948818291,115.8013840664737,266,12808,0.8443895117859981,0.7306869575846473,0.9887933173434786,0.7367885865713494,34.9857113690718,271,8542,0.7451002953246654,0.5937528653076194,0.9864926623673387,0.5986195421070472,47.82983236185012,266,13026
failure,4,cju2yi9tz8vky0801yqip0xyl,85,-0.062249085957898576,0.0011243888050198603,-0.1053767418917253,3418,0.9254886591877725,0.8613112063463116,0.9838558483491303,0.8736588975212727,32.46535157025696,465,4098,0.9254886591877725,0.8613112063463116,0.9838558483491303,0.8736588975212727,32.46535157025696,465,4098,0.9254886591877725,0.8613112063463116,0.9838558483491303,0.8736588975212727,32.46535157025696,465,4098,0.9254886591877725,0.8613112063463116,0.9838558483491303,0.8736588975212727,32.46535157025696,465,4098,0.8632395732298739,0.7593856655290102,0.9849802371541502,0.7682821556295474,36.13169755864105,380,7516
failure,5,cju8c2rqzs5t80850d0zky5dy,6361,0.012966888972500201,0.11095720417026278,-0.10243244644987293,3950,0.8612210683183533,0.7562671246881774,0.7814493978449186,0.9591307504797469,94.01329614218803,10344,1576,0.8617528163189226,0.7570875892985077,0.7823254436618229,0.9591307504797469,94.03350454546414,10291,1576,0.8617528163189226,0.7570875892985077,0.7823254436618229,0.9591307504797469,94.03350454546414,10291,1576,0.8617528163189226,0.7570875892985077,0.7823254436618229,0.9591307504797469,94.03350454546414,10291,1576,0.8741879572908535,0.7764954753790104,0.8924066020151814,0.856698304029874,35.71045618227983,3983,5526
failure,6,cju7avvi51iox0817ym55y6tt,2029,-0.047145381147079446,0.03423822224508066,-0.09111887239615823,5844,0.8363589390285912,0.7187430618256094,0.9341143428747307,0.7571254833478858,78.24703614842021,3425,15577,0.8363589390285912,0.7187430618256094,0.9341143428747307,0.7571254833478858,78.24703614842021,3425,15577,0.8363589390285912,0.7187430618256094,0.9341143428747307,0.7571254833478858,78.24703614842021,3425,15577,0.8363589390285912,0.7187430618256094,0.9341143428747307,0.7571254833478858,78.24703614842021,3425,15577,0.7892135578815117,0.651818958676677,0.9683525651198114,0.6660066109517275,78.44424752349315,1396,21421
failure,7,cju2r6mt2om21099352pny5gw,2,-0.08856757577568708,-0.005310790352377359,-0.08851269008636681,3341,0.6211444988526101,0.4504783121478181,0.9767574018298574,0.4553595082922694,86.35762218524103,409,20558,0.6211444988526101,0.4504783121478181,0.9767574018298574,0.4553595082922694,86.35762218524103,409,20558,0.6211444988526101,0.4504783121478181,0.9767574018298574,0.4553595082922694,86.35762218524103,409,20558,0.6211444988526101,0.4504783121478181,0.9767574018298574,0.4553595082922694,86.35762218524103,409,20558,0.5325769230769231,0.36293345215317274,0.97144661147748,0.3668468182059026,93.24785685097346,407,23899
failure,8,cju2tpfa5uyx408359datxqqj,4,-0.047117498828750604,-0.001662842129768305,-0.0801080823333068,1008,0.9268762295425056,0.8637179187144083,0.9791298195967457,0.8799173488039418,14.484311706373234,236,1511,0.9268762295425056,0.8637179187144083,0.9791298195967457,0.8799173488039418,14.484311706373234,236,1511,0.9268762295425056,0.8637179187144083,0.9791298195967457,0.8799173488039418,14.484311706373234,236,1511,0.9268762295425056,0.8637179187144083,0.9791298195967457,0.8799173488039418,14.484311706373234,236,1511,0.879758730713755,0.78532969176746,0.9774669774669774,0.799809266470635,27.80287754891569,232,2519
neutral,1,cju0s690hkp960855tjuaqvv0,0,0.0,0.0,0.0,0,0.9660041272944498,0.9342436974789916,0.9487945380840623,0.9838495575221239,3.1622776601683795,240,73,0.9660041272944498,0.9342436974789916,0.9487945380840623,0.9838495575221239,3.1622776601683795,240,73,0.9660041272944498,0.9342436974789916,0.9487945380840623,0.9838495575221239,3.1622776601683795,240,73,0.9660041272944498,0.9342436974789916,0.9487945380840623,0.9838495575221239,3.1622776601683795,240,73,0.9660041272944498,0.9342436974789916,0.9487945380840623,0.9838495575221239,3.1622776601683795,240,73
neutral,2,cju160wshltz10993i1gmqxbe,0,0.0,0.0,0.0,0,0.9333333333333333,0.875,0.894281729428173,0.975951293759513,4.0,379,79,0.9333333333333333,0.875,0.894281729428173,0.975951293759513,4.0,379,79,0.9333333333333333,0.875,0.894281729428173,0.975951293759513,4.0,379,79,0.9333333333333333,0.875,0.894281729428173,0.975951293759513,4.0,379,79,0.9333333333333333,0.875,0.894281729428173,0.975951293759513,4.0,379,79
neutral,3,cju16d65tzw9d0799ouslsw25,0,0.0,0.0,0.0,0,0.952822380400596,0.9098956686689852,0.9149578763312669,0.993956138836125,4.47213595499958,535,35,0.952822380400596,0.9098956686689852,0.9149578763312669,0.993956138836125,4.47213595499958,535,35,0.952822380400596,0.9098956686689852,0.9149578763312669,0.993956138836125,4.47213595499958,535,35,0.952822380400596,0.9098956686689852,0.9149578763312669,0.993956138836125,4.47213595499958,535,35,0.952822380400596,0.9098956686689852,0.9149578763312669,0.993956138836125,4.47213595499958,535,35
neutral,4,cju1819curo000988pd5xcqme,0,0.0,0.0,0.0,0,0.9555633446274876,0.9149078976806623,0.9906330749354005,0.9228917475362973,12.625281329767143,116,1025,0.9555633446274876,0.9149078976806623,0.9906330749354005,0.9228917475362973,12.625281329767143,116,1025,0.9555633446274876,0.9149078976806623,0.9906330749354005,0.9228917475362973,12.625281329767143,116,1025,0.9555633446274876,0.9149078976806623,0.9906330749354005,0.9228917475362973,12.625281329767143,116,1025,0.9555633446274876,0.9149078976806623,0.9906330749354005,0.9228917475362973,12.625281329767143,116,1025
neutral,5,cju1b75x63ddl0799sdp0i2j3,0,0.0,0.0,0.0,0,0.9466804265565876,0.8987589810581319,0.9046679815910585,0.9927849927849928,8.781278896873417,870,60,0.9466804265565876,0.8987589810581319,0.9046679815910585,0.9927849927849928,8.781278896873417,870,60,0.9466804265565876,0.8987589810581319,0.9046679815910585,0.9927849927849928,8.781278896873417,870,60,0.9466804265565876,0.8987589810581319,0.9046679815910585,0.9927849927849928,8.781278896873417,870,60,0.9466804265565876,0.8987589810581319,0.9046679815910585,0.9927849927849928,8.781278896873417,870,60
neutral,6,cju1cdxvz48hw0801i0fjwcnk,0,0.0,0.0,0.0,0,0.9556766126036895,0.9151155898043865,0.9437584056730651,0.9678996865203762,5.385164807134504,460,256,0.9556766126036895,0.9151155898043865,0.9437584056730651,0.9678996865203762,5.385164807134504,460,256,0.9556766126036895,0.9151155898043865,0.9437584056730651,0.9678996865203762,5.385164807134504,460,256,0.9556766126036895,0.9151155898043865,0.9437584056730651,0.9678996865203762,5.385164807134504,460,256,0.9556766126036895,0.9151155898043865,0.9437584056730651,0.9678996865203762,5.385164807134504,460,256
neutral,7,cju1cqc7n4gpy0855jt246k68,0,0.0,0.0,0.0,0,0.9457523029682702,0.8970873786407767,0.9170710189677989,0.976285513031228,7.615773105863909,376,101,0.9457523029682702,0.8970873786407767,0.9170710189677989,0.976285513031228,7.615773105863909,376,101,0.9457523029682702,0.8970873786407767,0.9170710189677989,0.976285513031228,7.615773105863909,376,101,0.9457523029682702,0.8970873786407767,0.9170710189677989,0.976285513031228,7.615773105863909,376,101,0.9457523029682702,0.8970873786407767,0.9170710189677989,0.976285513031228,7.615773105863909,376,101
neutral,8,cju1cu1u2474n0878tt7v4tdr,0,0.0,0.0,0.0,0,0.9161168708765316,0.8452173913043478,0.8769397329483941,0.9589581689029203,3.0,341,104,0.9161168708765316,0.8452173913043478,0.8769397329483941,0.9589581689029203,3.0,341,104,0.9161168708765316,0.8452173913043478,0.8769397329483941,0.9589581689029203,3.0,341,104,0.9161168708765316,0.8452173913043478,0.8769397329483941,0.9589581689029203,3.0,341,104,0.9161168708765316,0.8452173913043478,0.8769397329483941,0.9589581689029203,3.0,341,104
